2400,nocrash_mandatory_c_size_hh,1575557533,0
2401,nocrash_mandatory_c_size_h,1575557533,0
2402,nocrash_mandatory_c_size_l,1575557533,0
2403,nocrash_mandatory_c_size_ll,1575557533,0
2404,nocrash_mandatory_c_size_L,1575557533,0
2405,nocrash_mandatory_c_lj_nowidth,1575557533,0
2406,nocrash_mandatory_s_af,1575557533,0
2407,nocrash_mandatory_s_zp_1,1575557533,0
2408,nocrash_mandatory_s_zp_2,1575557533,0
2409,nocrash_mandatory_s_as_1,1575557533,0
2410,nocrash_mandatory_s_sp_1,1575557533,0
2411,nocrash_mandatory_s_size_hh,1575557533,0
2412,nocrash_mandatory_s_size_h,1575557533,0
2413,nocrash_mandatory_s_size_l,1575557533,0
2414,nocrash_mandatory_s_size_ll,1575557533,0
2415,nocrash_mandatory_s_size_L,1575557533,0
2416,nocrash_mandatory_s_lj_nowidth,1575557533,0
2417,nocrash_mandatory_p_prec_1,1575557533,0
2418,nocrash_mandatory_p_prec_2,1575557533,0
2419,nocrash_mandatory_p_af,1575557533,0
2420,nocrash_mandatory_p_zp_1,1575557533,0
2421,nocrash_mandatory_p_zp_2,1575557533,0
2422,nocrash_mandatory_p_as_1,1575557533,0
2423,nocrash_mandatory_p_as_2,1575557533,0
2424,nocrash_mandatory_p_sp_1,1575557533,0
2425,nocrash_mandatory_p_sp_2,1575557533,0
2426,nocrash_mandatory_p_size_hh,1575557533,0
2427,nocrash_mandatory_p_size_h,1575557533,0
2428,nocrash_mandatory_p_size_l,1575557533,0
2429,nocrash_mandatory_p_size_ll,1575557533,0
2430,nocrash_mandatory_p_size_L,1575557533,0
2431,nocrash_mandatory_p_lj_nowidth,1575557533,0
2432,nocrash_mandatory_d_size_L,1575557533,0
2433,nocrash_mandatory_d_af,1575557533,0
2434,nocrash_mandatory_d_size_hhh,1575557533,0
2435,nocrash_mandatory_d_size_hhhh,1575557533,0
2436,nocrash_mandatory_d_size_hhl,1575557533,0
2437,nocrash_mandatory_d_size_hhll,1575557533,0
2438,nocrash_mandatory_d_size_llh,1575557533,0
2439,nocrash_mandatory_d_size_lll,1575557533,0
2440,nocrash_mandatory_i_size_L,1575557533,0
2441,nocrash_mandatory_i_af,1575557533,0
2442,nocrash_mandatory_i_size_hhh,1575557533,0
2443,nocrash_mandatory_i_lj_nowidth,1575557533,0
2444,nocrash_mandatory_o_as,1575557533,0
2445,nocrash_mandatory_o_sp,1575557533,0
2446,nocrash_mandatory_o_size_L,1575557533,0
2447,nocrash_mandatory_o_size_hhh,1575557533,0
2448,nocrash_mandatory_o_size_hhhh,1575557533,0
2449,nocrash_mandatory_o_size_hhl,1575557533,0
2450,nocrash_mandatory_o_size_hhll,1575557533,0
2451,nocrash_mandatory_o_size_llh,1575557533,0
2452,nocrash_mandatory_o_size_lll,1575557533,0
2453,nocrash_mandatory_o_lj_nowidth,1575557533,0
2454,nocrash_mandatory_u_size_L,1575557533,0
2455,nocrash_mandatory_u_af,1575557533,0
2456,nocrash_mandatory_u_as,1575557533,0
2457,nocrash_mandatory_u_sp,1575557533,0
2458,nocrash_mandatory_u_size_hhh,1575557533,0
2459,nocrash_mandatory_u_size_hhhh,1575557533,0
2460,nocrash_mandatory_u_size_hhl,1575557533,0
2461,nocrash_mandatory_u_size_hhll,1575557533,0
2462,nocrash_mandatory_u_size_llh,1575557533,0
2463,nocrash_mandatory_u_size_lll,1575557533,0
2464,nocrash_mandatory_u_lj_nowidth,1575557533,0
2465,nocrash_mandatory_x_size_L,1575557533,0
2466,nocrash_mandatory_x_as,1575557533,0
2467,nocrash_mandatory_x_sp,1575557533,0
2468,nocrash_mandatory_x_size_hhh,1575557533,0
2469,nocrash_mandatory_x_size_hhhh,1575557533,0
2470,nocrash_mandatory_x_size_hhl,1575557533,0
2471,nocrash_mandatory_x_size_hhll,1575557533,0
2472,nocrash_mandatory_x_size_llh,1575557533,0
2473,nocrash_mandatory_x_size_lll,1575557533,0
2474,nocrash_mandatory_X_size_L,1575557533,0
2475,nocrash_mandatory_X_as,1575557533,0
2476,nocrash_mandatory_X_sp,1575557533,0
2477,nocrash_mandatory_X_size_hhh,1575557533,0
2478,nocrash_mandatory_X_size_llh,1575557533,0
2479,nocrash_mandatory_x_lj_nowidth,1575557533,0
2480,nocrash_mandatory_f_size_hh,1575557533,0
2481,nocrash_mandatory_f_size_h,1575557533,0
2482,nocrash_mandatory_f_size_ll,1575557533,0
2483,nocrash_mandatory_f_size_lll,1575557533,0
2484,nocrash_mandatory_f_size_llll,1575557533,0
2485,nocrash_mandatory_f_size_LL,0,1575557533
2486,nocrash_mandatory_f_size_Ll,1575557533,0
2487,nocrash_mandatory_f_size_lL,0,1575557533
2488,nocrash_mandatory_f_lj_nowidth,1575557533,0
2489,moul_s_1,1575557533,0
2490,moul_s_2,1575557533,0
2491,moul_s_3,1575557533,0
2492,moul_s_4,1575557533,0
2493,moul_s_5_this_ones_a_doozy,1575557533,0
2494,moul_d_1,1575557533,0
2495,moul_d_2,1575557533,0
2496,moul_d_3,1575557533,0
2497,moul_d_4,1575557533,0
2498,moul_d_5,1575557533,0
2499,moul_d_6,1575557533,0
2500,moul_d_7,1575557533,0
2501,moul_d_8,1575557533,0
2502,moul_d_9,1575557533,0
2503,moul_d_10,1575557533,0
2504,moul_d_11,1575557533,0
2505,moul_d_12,1575557533,0
2506,moul_mix_1,1575557533,0
2507,moul_c_1,1575557533,0
2508,moul_c_2,1575557533,0
2509,moul_c_3,1575557533,0
2510,moul_c_4,1575557533,0
2511,moul_c_5,1575557533,0
2512,moul_c_5b,1575557533,0
2513,moul_c_6,1575557533,0
2514,moul_c_7,1575557533,0
2515,moul_c_8,1575557533,0
2516,moul_c_9,1575557533,0
2517,moul_c_10,1575557533,0
2518,moul_c_11,1575557533,0
2519,moul_c_12,1575557533,0
2520,moul_c_13,1575557533,0
2521,moul_c_14,1575557533,0
2522,moul_c_15,1575557533,0
2523,moul_c_16,1575557533,0
2524,moul_c_17,1575557533,0
2525,moul_c_18,1575557533,0
2526,moul_c_19,1575557533,0
2527,moul_c_20,1575557533,0
2528,moul_c_21,1575557533,0
2529,moul_c_22,1575557533,0
2530,moul_c_23,1575557533,0
2531,moul_c_24,1575557533,0
2532,moul_c_25,1575557533,0
2533,moul_c_26,1575557533,0
2534,moul_c_27,1575557533,0
2535,moul_c_28,1575557533,0
2536,moul_ld_1_throwswarning,1575557533,0
2537,moul_ld_2_throwswarning,1575557533,0
2538,moul_ld_3_throwswarning,1575557533,0
2539,moul_ld_4_throwswarning,1575557533,0
2540,moul_ld_5_throwswarning,1575557533,0
2541,moul_ld_6_throwswarning,1575557533,0
2542,moul_ld_7_throwswarning,1575557533,0
2543,moul_ld_8_throwswarning,1575557533,0
2544,moul_ld_9_throwswarning,1575557533,0
2545,moul_ld_10_throwswarning,1575557533,0
2546,moul_ld_11_throwswarning,1575557533,0
2547,moul_ld_12_throwswarning,1575557533,0
2548,moul_D_1_notmandatory,0,1575557533
2549,moul_D_2_notmandatory,0,1575557533
2550,moul_D_3_notmandatory,0,1575557533
2551,moul_D_4_notmandatory,0,1575557533
2552,moul_D_5_notmandatory,0,1575557533
2553,moul_D_6_notmandatory,0,1575557533
2554,moul_D_7_notmandatory,0,1575557533
2555,moul_D_8_notmandatory,0,1575557533
2556,moul_D_9_notmandatory,0,1575557533
2557,moul_D_10_notmandatory,0,1575557533
2558,moul_D_11_notmandatory,0,1575557533
2559,moul_D_12_notmandatory,0,1575557533
2560,moul_i_1,1575557533,0
2561,moul_i_2,1575557533,0
2562,moul_i_3,1575557533,0
2563,moul_i_4,1575557533,0
2564,moul_i_5,1575557533,0
2565,moul_i_6,1575557533,0
2566,moul_i_7,1575557533,0
2567,moul_i_8,1575557533,0
2568,moul_i_9,1575557533,0
2569,moul_i_10,1575557533,0
2570,moul_i_11,1575557533,0
2571,moul_i_12,1575557533,0
2572,moul_f_1,1575557533,0
2573,moul_f_2,1575557533,0
2574,moul_f_3,1575557533,0
2575,moul_f_4,1575557533,0
2576,moul_f_5,1575557533,0
2577,moul_f_6,1575557533,0
2578,moul_f_7,1575557533,0
2579,moul_f_7b,1575557533,0
2580,moul_f_8,1575557533,0
2581,moul_f_9,1575557533,0
2582,moul_f_10,1575557533,0
2583,moul_f_11,1575557533,0
2584,moul_f_12,1575557533,0
2585,moul_F_1_notmandatory,0,1575557533
2586,moul_F_2_notmandatory,0,1575557533
2587,moul_F_3_notmandatory,0,1575557533
2588,moul_F_4_notmandatory,0,1575557533
2589,moul_F_5_notmandatory,0,1575557533
2590,moul_F_6_notmandatory,0,1575557533
2591,moul_F_7_notmandatory,0,1575557533
2592,moul_F_8_notmandatory,0,1575557533
2593,moul_F_9_notmandatory,0,1575557533
2594,moul_F_10_notmandatory,0,1575557533
2595,moul_F_11_notmandatory,0,1575557533
2596,moul_F_12_notmandatory,0,1575557533
2597,moul_F_13_notmandatory,0,1575557533
2598,moul_F_14_notmandatory,0,1575557533
2599,moul_o_1,1575557533,0
2600,moul_o_2,1575557533,0
2601,moul_o_3,1575557533,0
2602,moul_o_4,1575557533,0
2603,moul_o_5,1575557533,0
2604,moul_o_6,1575557533,0
2605,moul_o_7,1575557533,0
2606,moul_o_8,1575557533,0
2607,moul_o_9,1575557533,0
2608,moul_o_10,1575557533,0
2609,moul_o_11,1575557533,0
2610,moul_o_12,1575557533,0
2611,moul_u_1,1575557533,0
2612,moul_u_2,1575557533,0
2613,moul_u_3,1575557533,0
2614,moul_u_4,1575557533,0
2615,moul_u_5,1575557533,0
2616,moul_u_6,1575557533,0
2617,moul_u_7,1575557533,0
2618,moul_u_8,0,1575557533
2619,moul_u_9,1575557533,0
2620,moul_u_10,1575557533,0
2621,moul_u_11,1575557533,0
2622,moul_u_12,1575557533,0
2623,moul_x_1,1575557533,0
2624,moul_x_2,1575557533,0
2625,moul_x_3,1575557533,0
2626,moul_x_4,1575557533,0
2627,moul_x_5,1575557533,0
2628,moul_x_6,1575557533,0
2629,moul_x_7,1575557533,0
2630,moul_x_8,1575557533,0
2631,moul_x_9,1575557533,0
2632,moul_x_10,1575557533,0
2633,moul_x_11,1575557533,0
2634,moul_x_12,1575557533,0
2635,moul_hash_1,1575557533,0
2636,moul_hash_2,1575557533,0
2637,moul_hash_3,1575557533,0
2638,moul_hash_4,1575557533,0
2639,moul_hash_5,1575557533,0
2640,moul_hash_6,1575557533,0
2641,moul_hash_7,1575557533,0
2642,moul_hash_8,1575557533,0
2643,moul_hash_9,1575557533,0
2644,moul_hash_10,1575557533,0
2645,moul_hash_11,1575557533,0
2646,moul_hash_12,1575557533,0
2647,moul_prec_1,1575557533,0
2648,moul_prec_2,1575557533,0
2649,moul_prec_3,1575557533,0
2650,moul_prec_4,1575557533,0
2651,moul_prec_5,1575557533,0
2652,moul_zeropad_1,1575557533,0
2653,moul_zeropad_2,1575557533,0
2654,moul_zeropad_3,1575557533,0
2655,moul_zeropad_4,1575557533,0
2656,moul_leftjusty_1,1575557533,0
2657,moul_leftjusty_2,1575557533,0
2658,moul_leftjusty_3,1575557533,0
2659,moul_leftjusty_4,1575557533,0
2660,moul_leftjusty_5,1575557533,0
2661,moul_leftjusty_6,1575557533,0
2662,moul_leftjusty_7,1575557533,0
2663,moul_as_1,1575557533,0
2664,moul_as_2,1575557533,0
2665,moul_as_3,1575557533,0
2666,moul_as_4,1575557533,0
2667,moul_sp_1,1575557533,0
2668,moul_sp_2,1575557533,0
2669,moul_sp_3,1575557533,0
2670,moul_notmandatory_e_1,0,1575557533
2671,moul_notmandatory_e_2,0,1575557533
2672,moul_notmandatory_e_3,0,1575557533
2673,moul_notmandatory_e_4,0,1575557533
2674,moul_notmandatory_e_5,0,1575557533
2675,moul_notmandatory_e_6,0,1575557533
2676,moul_notmandatory_e_7,0,1575557533
2677,moul_notmandatory_e_8,0,1575557533
2678,moul_notmandatory_e_9,0,1575557533
2679,moul_notmandatory_e_10,0,1575557533
2680,moul_notmandatory_e_11,0,1575557533
2681,moul_notmandatory_e_12,0,1575557533
2682,moul_notmandatory_e_13,0,1575557533
2683,moul_notmandatory_e_14,0,1575557533
2684,moul_notmandatory_e_15,0,1575557533
2685,moul_notmandatory_e_16,0,1575557533
2686,moul_notmandatory_e_17,0,1575557533
2687,moul_notmandatory_e_18,0,1575557533
2688,moul_notmandatory_e_19,0,1575557533
2689,moul_notmandatory_e_20,0,1575557533
2690,moul_notmandatory_e_21,0,1575557533
2691,moul_notmandatory_e_22,0,1575557533
2692,moul_notmandatory_e_23,0,1575557533
2693,moul_notmandatory_e_24,0,1575557533
2694,moul_notmandatory_e_25,0,1575557533
2695,moul_notmandatory_e_26,0,1575557533
2696,moul_notmandatory_e_27,0,1575557533
2697,moul_notmandatory_g_1,0,1575557533
2698,moul_notmandatory_g_2,0,1575557533
2699,moul_notmandatory_g_3,1575557533,0
2700,moul_notmandatory_g_4,1575557533,0
2701,moul_notmandatory_g_5,1575557533,0
2702,moul_notmandatory_g_5b,0,1575557533
2703,moul_notmandatory_g_6,0,1575557533
2704,moul_notmandatory_g_7,0,1575557533
2705,moul_notmandatory_g_8,0,1575557533
2706,moul_notmandatory_g_9,0,1575557533
2707,moul_notmandatory_g_10,1575557533,0
2708,moul_notmandatory_g_11,0,1575557533
2709,moul_notmandatory_g_12,0,1575557533
2710,moul_notmandatory_g_13,0,1575557533
2711,moul_notmandatory_g_14,0,1575557533
2712,moul_notmandatory_g_15,0,1575557533
2713,moul_notmandatory_g_16,0,1575557533
2714,moul_notmandatory_g_17,0,1575557533
2715,moul_notmandatory_g_18,0,1575557533
2716,moul_notmandatory_g_19,0,1575557533
2717,moul_notmandatory_g_20,0,1575557533
2718,moul_notmandatory_g_21,0,1575557533
2719,moul_notmandatory_g_22,0,1575557533
2720,moul_notmandatory_g_23,0,1575557533
2721,moul_notmandatory_g_24,0,1575557533
2722,moul_notmandatory_g_25,0,1575557533
2723,moul_notmandatory_g_26,0,1575557533
2724,moul_notmandatory_a_1,0,1575557533
2725,moul_notmandatory_a_2,0,1575557533
2726,moul_notmandatory_a_3,0,1575557533
2727,moul_notmandatory_a_4,0,1575557533
2728,moul_notmandatory_a_5,0,1575557533
2729,moul_notmandatory_a_6,0,1575557533
2730,moul_notmandatory_a_7,0,1575557533
2731,moul_notmandatory_a_8,0,1575557533
2732,moul_notmandatory_a_9,0,1575557533
2733,moul_notmandatory_a_11,0,1575557533
2734,moul_notmandatory_a_12,0,1575557533
2735,moul_notmandatory_a_13,0,1575557533
2736,moul_notmandatory_a_14,0,1575557533
2737,moul_notmandatory_a_15,0,1575557533
2738,moul_notmandatory_a_16,0,1575557533
2739,moul_notmandatory_a_17,0,1575557533
2740,moul_notmandatory_a_18,0,1575557533
2741,moul_notmandatory_a_19,0,1575557533
2742,moul_notmandatory_a_20,0,1575557533
2743,moul_notmandatory_a_21,0,1575557533
2744,moul_notmandatory_a_22,0,1575557533
2745,moul_notmandatory_a_23,0,1575557533
2746,moul_notmandatory_a_24,0,1575557533
2747,moul_notmandatory_a_25,0,1575557533
2748,moul_notmandatory_a_26,0,1575557533
2749,moul_notmandatory_a_27,0,1575557533
2750,moul_notmandatory_a_28,0,1575557533
2751,moul_notmandatory_star_1,0,1575557533
2752,moul_notmandatory_star_2,0,1575557533
2753,moul_notmandatory_star_3,0,1575557533
2754,moul_notmandatory_star_4,0,1575557533
2755,moul_notmandatory_star_5,0,1575557533
2756,moul_notmandatory_widechar_mix2_throwswarning,0,1575557533
2757,moul_notmandatory_widechar_basic1,0,1575557533
2758,moul_notmandatory_widechar_basic2,0,1575557533
2759,moul_notmandatory_widestr_basic2,0,1575557533
